Symbol|Name
OIBR3.SA|Oi S.A.
FNOR11.SA|Finor -Ci Fund
VVAR3.SA|Via Varejo S.A.
COGN3.SA|Cogna Educação S.A.
BBDC4.SA|Banco Bradesco S.A.
PETR4.SA|Petróleo Brasileiro S.A. - Petrobras
HGTX3.SA|Cia. Hering
USIM5.SA|Usinas Siderúrgicas de Minas Gerais S.A.
ITUB4.SA|Itaú Unibanco Holding S.A.
IRBR3.SA|IRB-Brasil Resseguros S.A.
MGLU3.SA|Magazine Luiza S.A.
ABEV3.SA|Ambev S.A.
FNAM11.SA|Fundo de Investimento Amazônia - FINAM
ITSA4.SA|Itaúsa - Investimentos Itaú SA
BRML3.SA|BR Malls Participações S.A.
VALE3.SA|Vale S.A.
SOMA3.SA|Grupo de Moda SOMA S.A.
B3SA3.SA|B3 S.A. - Brasil, Bolsa, Balcão
CIEL3.SA|Cielo S.A.
AMAR3.SA|Marisa Lojas S.A.
PETR3.SA|Petróleo Brasileiro S.A. - Petrobras
JBSS3.SA|JBS S.A.
CSNA3.SA|Companhia Siderúrgica Nacional
GGPS3.SA|
GGBR4.SA|Gerdau S.A.
BBAS3.SA|Banco do Brasil S.A.
GOAU4.SA|Metalurgica Gerdau S.A.
GOLL4.SA|Gol Linhas Aéreas Inteligentes S.A.
LREN3.SA|Lojas Renner S.A.
BPAN4.SA|Banco Pan S.A.
EMBR3.SA|Embraer S.A.
CVCB3.SA|CVC Brasil Operadora e Agência de Viagens S.A.
BBDC3.SA|Banco Bradesco S.A.
POSI3.SA|Positivo Tecnologia S.A.
BBSE3.SA|BB Seguridade Participações S.A.
TPIS3.SA|Triunfo Participações e Investimentos S.A.
MRFG3.SA|Marfrig Global Foods S.A.
CMIN3.SA|CSN Mineração S.A.
BEEF3.SA|Minerva S.A.
BRFS3.SA|BRF S.A.
LAME4.SA|Lojas Americanas S.A.
HAPV3.SA|Hapvida Participações e Investimentos S.A.
ENEV3.SA|Eneva S.A.
NTCO3.SA|Natura &Co Holding S.A.
CCRO3.SA|CCR S.A.
RAIL3.SA|Rumo S.A.
BRDT3.SA|Petrobras Distribuidora S.A.
CEAB3.SA|C&A Modas S.A.
BOVA11.SA|iShares Ibovespa Index Fund
TCSA3.SA|Tecnisa S.A.
LWSA3.SA|Locaweb Serviços de Internet S.A.
BKBR3.SA|BK Brasil Operação e Assessoria a Restaurantes S.A.
MULT3.SA|Multiplan Empreendimentos Imobiliários S.A.
CPLE6.SA|Companhia Paranaense de Energia - COPEL
SUZB3.SA|Suzano S.A.
POMO4.SA|Marcopolo S.A.
GMAT3.SA|Grupo Mateus S.A.
PTBL3.SA|PBG S.A.
TIMS3.SA|TIM S.A.
JHSF3.SA|JHSF Participações S.A.
CMIG4.SA|Companhia Energética de Minas Gerais
EQTL3.SA|Equatorial Energia S.A.
ELET3.SA|Centrais Elétricas Brasileiras S.A. - Eletrobrás
PCAR3.SA|Companhia Brasileira de Distribuição
MEAL3.SA|International Meal Company Alimentação S.A.
CYRE3.SA|Cyrela Brazil Realty S.A. Empreendimentos e Participações
MRVE3.SA|MRV Engenharia e Participações S.A.
KLBN11.SA|Klabin S.A.
GFSA3.SA|Gafisa S.A.
AZUL4.SA|Azul S.A.
BRKM5.SA|Braskem S.A.
ETER3.SA|Eternit S.A.
WEGE3.SA|WEG S.A.
HYPE3.SA|Hypera S.A.
BPAC11.SA|Banco BTG Pactual S.A.
PRIO3.SA|Petro Rio S.A.
SAPR4.SA|Companhia de Saneamento do Paraná - SANEPAR
RPMG3.SA|Refinaria de Petróleos de Manguinhos S.A.
ROMI3.SA|Indústrias Romi S.A.
DMMO3.SA|Dommo Energia S.A.
CRFB3.SA|Atacadão S.A.
TOTS3.SA|TOTVS S.A.
WIZS3.SA|Wiz Soluções e Corretagem de Seguros S.A.
STBP3.SA|Santos Brasil Participações S.A.
UGPA3.SA|Ultrapar Participações S.A.
HASH11.SA|Hashdex Nasdaq Crypto Index Fundo De Indice
RADL3.SA|Raia Drogasil S.A.
BRAP4.SA|Bradespar S.A.
TECN3.SA|Technos S.A.
NGRD3.SA|Neogrid Participações S.A.
RANI3.SA|Irani Papel e Embalagem S.A.
BOVV11.SA|It Now Ibovespa Fundo de Indice
ENBR3.SA|EDP - Energias do Brasil S.A.
PETZ3.SA|Pet Center Comércio e Participações S.A.
LUPA3.SA|Lupatech S.A.
HBOR3.SA|Helbor Empreendimentos S.A.
SANB11.SA|Banco Santander (Brasil) S.A.
EZTC3.SA|EZTEC Empreendimentos e Participações S.A.
SULA11.SA|Sul América S.A.
ANIM3.SA|Anima Holding S.A.
IGTA3.SA|Iguatemi Empresa de Shopping Centers S.A.
RENT3.SA|Localiza Rent a Car S.A.
QUAL3.SA|Qualicorp Consultoria e Corretora de Seguros S.A.
PGMN3.SA|Empreendimentos Pague Menos S.A.
CESP6.SA|CESP - Companhia Energética de São Paulo
CSAN3.SA|Cosan S.A.
GNDI3.SA|Notre Dame Intermédica Participações S.A.
MILS3.SA|Mills Estruturas e Serviços de Engenharia S.A.
AERI3.SA|Aeris Indústria e Comércio de Equipamentos para Geração de Energia S.A.
ECOR3.SA|EcoRodovias Infraestrutura e Logística S.A.
HBSA3.SA|Hidrovias do Brasil S.A.
LCAM3.SA|Companhia de Locação das Américas
OIBR4.SA|Oi S.A.
MYPK3.SA|Iochpe-Maxion S.A.
BRPR3.SA|BR Properties S.A.
GRND3.SA|Grendene S.A.
GUAR3.SA|Guararapes Confecções S.A.
BIDI4.SA|Banco Inter S.A.
YDUQ3.SA|Yduqs Participações S.A.
BRSR6.SA|Banco do Estado do Rio Grande do Sul S.A.
MDIA3.SA|M. Dias Branco S.A. Indústria e Comércio de Alimentos
FLRY3.SA|Fleury S.A.
BTOW3.SA|B2W - Companhia Digital
TUPY3.SA|Tupy S.A.
ESPA3.SA|MPM Corpóreos S.A.
VIVT3.SA|Telefônica Brasil S.A.
LAME3.SA|Lojas Americanas S.A.
PDTC3.SA|Padtec Holding S.A.
ARZZ3.SA|Arezzo Indústria e Comércio S.A.
RCSL4.SA|Recrusul S/A
RAPT4.SA|Randon S.A. Implementos e Participações
TAEE11.SA|Transmissora Aliança de Energia Elétrica S.A.
FHER3.SA|Fertilizantes Heringer S.A.
SBSP3.SA|Companhia de Saneamento Básico do Estado de São Paulo - SABESP
MOVI3.SA|Movida Participações S.A.
ALUP11.SA|Alupar Investimento S.A.
EURP11.SA|Trend ETF MSCI Europa Fundo De Andice
VIVR3.SA|Viver Incorporadora e Construtora S.A.
XINA11.SA|Trend Etf Msci China Fundo De Indice
TASA4.SA|Taurus Armas S.A.
MATD3.SA|Hospital Mater Dei S.A.
ALSO3.SA|Aliansce Sonae Shopping Centers SA
ENAT3.SA|Enauta Participações S.A.
CPFE3.SA|CPFL Energia S.A.
SEQL3.SA|Sequoia Logística e Transportes S.A.
VLID3.SA|Valid Soluções S.A.
RDOR3.SA|Rede D'Or São Luiz S.A.
BIDI11.SA|Banco Inter S.A.
NEOE3.SA|Neoenergia S.A.
RRRP3.SA|3R Petroleum Óleo e Gás S.A.
ELET6.SA|Centrais Elétricas Brasileiras S.A. - Eletrobrás
SAPR11.SA|Companhia de Saneamento do Paraná - SANEPAR
RCSL3.SA|Recrusul S/A
EGIE3.SA|Engie Brasil Energia S.A.
CSMG3.SA|Companhia de Saneamento de Minas Gerais
BMGB4.SA|Banco BMG S.A.
SMTO3.SA|São Martinho S.A.
TRPL4.SA|CTEEP - Companhia de Transmissão de Energia Elétrica Paulista S.A.
PARD3.SA|Instituto Hermes Pardini S.A.
SEER3.SA|Ser Educacional S.A.
EVEN3.SA|Even Construtora e Incorporadora S.A.
PMAM3.SA|Paranapanema S.A.
DTEX3.SA|Duratex S.A.
CAML3.SA|Camil Alimentos S.A.
ENJU3.SA|Enjoei.com.br Atividades de Internet S.A.
LAVV3.SA|Lavvi Empreendimentos Imobiliários S.A.
AGRO3.SA|BrasilAgro - Companhia Brasileira de Propriedades Agrícolas
BMOB3.SA|Bemobi Mobile Tech S.A.
PLPL3.SA|Plano & Plano Desenvolvimento Imobiliário S.A.
BOBR4.SA|Bombril S.A.
CURY3.SA|Cury Construtora e Incorporadora S.A.
SLED4.SA|Saraiva Livreiros S.A. - em Recuperação Judicial
LJQQ3.SA|Lojas Quero-Quero S.A.
OPCT3.SA|OceanPact Serviços Marítimos S.A.
CASH3.SA|Méliuz S.A.
DIRR3.SA|Direcional Engenharia S.A.
JALL3.SA|Jalles Machado S/A
LPSB3.SA|LPS Brasil - Consultoria de Imóveis S.A.
LIGT3.SA|Light S.A.
KLBN4.SA|Klabin S.A.
ENGI11.SA|Energisa S.A.
ALPA4.SA|Alpargatas S.A.
TEND3.SA|Construtora Tenda S.A.
MXRF11.SA|Maxi Renda Fundo De Investimento Imobiliaro - FII
AESB3.SA|AES Brasil Energia S.A.
SHOW3.SA|T4F Entretenimento S.A.
INTB3.SA|Intelbras S.A. - Indústria de Telecomunicação Eletrônica Brasileira
MELK3.SA|Melnick Even Desenvolvimento Imobiliário S.A.
CARE11.SA|Máxima Renda Corporativa Fundo de Investimento Imobiliário - FII
JBDU4.SA|Indústrias J.B. Duarte S.A.
SMLS3.SA|Smiles Fidelidade S.A.
SLCE3.SA|SLC Agrícola S.A.
ASAI3.SA|Sendas Distribuidora S.A.
LINX3.SA|Linx S.A.
BLAU3.SA|Blau Farmacêutica S.A.
EUCA4.SA|Eucatex S.A. Indústria e Comércio
TRIS3.SA|Trisul S.A.
MOSI3.SA|Mosaico Tecnologia ao Consumidor S.A.
SBFG3.SA|Grupo SBF S.A.
LLIS3.SA|Restoque Comércio e Confecções de Roupas S.A.
VULC3.SA|Vulcabras Azaleia S.A.
PFRM3.SA|Profarma Distribuidora de Produtos Farmacêuticos S.A.
PSSA3.SA|Porto Seguro S.A.
ODPV3.SA|Odontoprev S.A.
ABCB4.SA|Banco ABC Brasil S.A.
LOGN3.SA|Log-In Logística Intermodal S.A.
CPLE3.SA|Companhia Paranaense de Energia - COPEL
WEST3.SA|Westwing Comércio Varejista S.A.
BOAS3.SA|Boa Vista Serviços S.A.
CMIG3.SA|Companhia Energética de Minas Gerais
USIM3.SA|Usinas Siderúrgicas de Minas Gerais S.A.
LEVE3.SA|MAHLE Metal Leve S.A.
PNVL3.SA|Dimed S.A. Distribuidora de Medicamentos
SGPS3.SA|Springs Global Participações S.A.
OMGE3.SA|Omega Geração S.A.
ATOM3.SA|Atom Empreendimentos e Participações S.A.
FESA4.SA|Cia de Ferro Ligas da Bahia - FERBASA
UNIP6.SA|Unipar Carbocloro S.A.
VIVA3.SA|Vivara Participações S.A.
SIMH3.SA|SIMPAR S.A.
BBRK3.SA|Brasil Brokers Participações S.A.
TGMA3.SA|Tegma Gestão Logística S.A.
SQIA3.SA|Sinqia S.A.
AALR3.SA|Centro de Imagem Diagnósticos S.A.
MTRE3.SA|Mitre Realty Empreendimentos e Participações S.A.
BEZU39.SA|Ishares Msci Eurozone ETF
SAPR3.SA|Companhia de Saneamento do Paraná - SANEPAR
SLED3.SA|Saraiva Livreiros S.A. - em Recuperação Judicial
SHUL4.SA|Schulz S.A.
IVVB11.SA|iShares S&P 500 Fundo de Investimento - Investimento No Exterior
UCAS3.SA|Unicasa Indústria de Móveis S.A.
XFIX11.SA|Trend Etf Ifix
MMXM3.SA|MMX Mineração e Metálicos S.A.
ITUB3.SA|Itaú Unibanco Holding S.A.
VAMO3.SA|Vamos Locação de Caminhões, Máquinas e Equipamentos S.A.
GPIV33.SA|GP Investments, Ltd.
CCPR3.SA|Cyrela Commercial Properties S.A.
ACWI11.SA|Trend Etf Msci Acwi Fundo De Indice
CARD3.SA|CSU Cardsystem S.A.
GOLD11.SA|Trend Etf Lbma Ouro Fundo Investimento Cotas De Fundo De Andice Investimento Exterior
TCNO4.SA|Tecnosolo Engenharia S.A.
TSLA34.SA|Tesla, Inc.
JSLG3.SA|JSL S.A.
ETER1.SA|ETERNIT DO 10,89
RSID3.SA|Rossi Residencial S.A.
FRAS3.SA|Fras-le S.A.
MELI34.SA|MercadoLibre, Inc.
BEWU39.SA|Ishares Msci United Kingdom Etf
JBDU3.SA|Indústrias J.B. Duarte S.A.
AZEV4.SA|Azevedo & Travassos S.A.
TORD11.SA|Tordesilhas Ei Fundo De Investimento Imobiliario
TCNO3.SA|Tecnosolo Engenharia S.A.
CTNM4.SA|Companhia de Tecidos Norte de Minas
BSEV3.SA|Biosev S.A.
MDNE3.SA|Moura Dubeux Engenharia S.A.
CSED3.SA|Cruzeiro do Sul Educacional S.A.
FIXA11.SA|Mirae Asset Renda Fixa Pre Fundo De Indice
AMBP3.SA|Ambipar Participações e Empreendimentos S.A.
BOVB11.SA|ETF Bradesco Ibovespa Fundo De Indice
BIDI3.SA|Banco Inter S.A.
TAEE4.SA|Transmissora Aliança de Energia Elétrica S.A.
GPCP3.SA|GPC Participações S.A.
JPSA3.SA|Jereissati Participações S.A.
KLBN3.SA|Klabin S.A.
DMVF3.SA|d1000 Varejo Farma Participações S.A.
GGBR3.SA|Gerdau S.A.
DASA3.SA|Diagnósticos da América S.A.
ORVR3.SA|Orizon Valorizacao De Residuos S.A.
LOGG3.SA|LOG Commercial Properties e Participações S.A.
HAGA4.SA|HAGA S/A Indústria e Comércio
AURA33.SA|Aura Minerals Inc.
BEGU39.SA|Ishares Trust Ishares Esg Aware Msci Usa ETF
PRNR3.SA|Priner Serviços Industriais S.A.
KEPL3.SA|Kepler Weber S.A.
PINE4.SA|Banco Pine S.A.
IGBR3.SA|IGB Eletronica S.A.
MSFT34.SA|Microsoft Corporation
PDGR1.SA|PDG REALT DO 6,28
ITSA3.SA|Itaúsa - Investimentos Itaú SA
KNIP11.SA|Kinea Indices Precos Fundo Investimento Imobiliario - FII
MMXM11.SA|MMX Mineração e Metálicos S.A.
AMZO34.SA|Amazon.com, Inc.
ELMD3.SA|Eletromidia S.A.
SMAL11.SA|iShares BM&FBovespa Small Cap Fundo de Índice
SMAC11.SA|It Now Small Cap Fundo De Indice Fund
MWET4.SA|Wetzel S.A.
AAPL34.SA|Apple Inc.
JNJB34.SA|Johnson & Johnson
POMO3.SA|Marcopolo S.A.
KNSC12.SA|FII KINEA SCDM 98,24
ATMP3.SA|ATMA Participações S.A.
DISB34.SA|The Walt Disney Company
PDGR3.SA|PDG Realty S.A. Empreendimentos e Participações
PIBB11.SA|It Now PIBB IBrX-50 Index Fund
GOAU3.SA|Metalurgica Gerdau S.A.
TFCO4.SA|Track & Field Co S.A.
POWE3.SA|Focus Energia Holding Participações S.A.
CPTS11.SA|Capitania Securities II Fundo Investimento Imobiliario FII
AIRB34.SA|Airbnb, Inc.
APER3.SA|Alper Consultoria e Corretora de Seguros S.A.
MBLY3.SA|Mobly S.A.
HBRE3.SA|HBR Realty Empreendimentos Imobiliários S.A.
TAEE3.SA|Transmissora Aliança de Energia Elétrica S.A.
EALT4.SA|Electro Aço Altona S.A.
BABA34.SA|ALIBABAGR DRN
INEP4.SA|Inepar S.A. Indústria e Construções
ALPK3.SA|Allpark Empreendimentos, Participações e Serviços S.A.
CEDO4.SA|Companhia de Fiação e Tecidos Cedro e Cachoeira S.A.
GOGL34.SA|Alphabet Inc.
ENGI4.SA|Energisa S.A.
COCA34.SA|The Coca-Cola Company
DMMO1.SA|DOMMO DO 0,87
BCFF11.SA|Fundo De Investimento Imobiliário - FII BTG Pactual Fundo De Fundos
BBOV11.SA|Bb Etf Ibovespa Fundo De Indice
IMAB11.SA|It Now Id ETF Ima-B Fundo De Indice
FSPE11.SA|Fiset Pesca Fiset Fspe
FLMA11.SA|Unitas DTVM S.A.
XPCI11.SA|Xp Credito Imobiliario ae Fundo De Investimento Imobiliario
VGHF11.SA|Valora Hedge Fund Fundo De Investimento Imobiliario - Fii
RIGG34.SA|Transocean Ltd.
XPLG11.SA|Xp Log Fundo Investimento Imobiliario FII
RAPT3.SA|Randon S.A. Implementos e Participações
FSRF11.SA|Fiset FL Ref
BEES3.SA|Banestes S.A - Banco do Estado do Espírito Santo
INEP3.SA|Inepar S.A. Indústria e Construções
CTSA3.SA|Companhia Tecidos Santanense Ltda.
QAGR11.SA|Quasar Agro - Fundo De Investimento Imobiliario
KNCR11.SA|Kinea Rendimentos Imobiliários Fundo de Investimento Imobiliário - FII
KNSC11.SA|Kinea Securities Fundo De Investimento Imobiliario – Fii
M1RN34.SA|Moderna, Inc.
RNEW4.SA|Renova Energia S.A.
HCTR11.SA|Fundo De Investimento Imobiliario Hectare Ce
PVBI11.SA|Fundo De Investimento ImobiliarRio Vbi Prime Properties
TASA3.SA|Taurus Armas S.A.
NVDC34.SA|NVIDIA Corporation
ALLD3.SA|Allied Tecnologia S.A.
IRDM11.SA|Fundo Investimento Imobiliario Iridium Recebiveis Imobiliarios
HGRU11.SA|CSHG Renda Urbana Fundo Investimento Imobilirio - FII
VISA34.SA|Visa Inc.
FBOK34.SA|Facebook, Inc.
RBRP11.SA|Fundo Investimento Imobiliario Rbr Properties Fii
FEXC12.SA|
BTLG11.SA|BTG Pactual Logística Fundo de Investimento Imobiliário
TRPL3.SA|CTEEP - Companhia de Transmissão de Energia Elétrica Paulista S.A.
SANB3.SA|Banco Santander (Brasil) S.A.
PYPL34.SA|PayPal Holdings, Inc.
XPML11.SA|Xp Malls Fundo Investimentos Imobiliarios
BIYW39.SA|Ishares US Technology ETF
TGAR11.SA|Fundo Investimento Imobiliario Tg Ativo Real
DEVA11.SA|Devant Recebiveis Imobiliarios Fundo De Investimento Imobiliario
SANB4.SA|Banco Santander (Brasil) S.A.
HGLG11.SA|Cshg Logistica - Fundo De Investimento Imobiliario
HOME34.SA|The Home Depot, Inc.
OSXB3.SA|OSX Brasil S.A.
AZEV3.SA|Azevedo & Travassos S.A.
VINO11.SA|Vinci Corporate Fundo De Investimento Imobiliario
PFIZ34.SA|Pfizer Inc.
SPXI11.SA|It Now S&P500 TRN Fundo de Índice
BEWG39.SA|Ishares Msci Germany ETF
CPLE11.SA|
VILG11.SA|Vinci Logistica Fundo Investimento Imobiliario FII
RBRF11.SA|Fundo Investimento Imobiliario Rbr Alpha Fundos De Fundos
NFLX34.SA|Netflix, Inc.
B1NT34.SA|BIONTECH SE DRN
ALUP4.SA|Alupar Investimento S.A.
CVBI11.SA|Fundo De Investimento Imobiliario VBI Credito
XPPR11.SA|Xp Properties Fundo De Investimento Imobiliario
BIEU39.SA|Ishares Core Msci Europe ETF
ITLC34.SA|Intel Corporation
RECT11.SA|Fundo De Investimento Imobiliario - FII UBS Office
RNEW3.SA|Renova Energia S.A.
JSRE11.SA|JS Real Estate multigestão - FII fund
NIKE34.SA|NIKE, Inc.
BRCR11.SA|Fundo de Investimento Imobiliário - FII BTG Pactual Corporate Office Fund
COWC34.SA|Costco Wholesale Corporation
BERK34.SA|Berkshire Hathaway Inc.
BAAX39.SA|Ishares Msci All Country Asia Ex Japan ETF
RCFA11.SA|Grupo Rcfa Fundo De Investimento
MCCI11.SA|Fundo De Investimento Imobiliario Maua Capital Recebiveis Imobiliarios
OFSA3.SA|Ouro Fino Saúde Animal Participações S.A.
RECR11.SA|Fundo Investimento Imobiliario Fii Ubs (Br) Recebveis Imobiliarios
SSFO34.SA|salesforce.com, inc.
HFOF11.SA|Hedge Top Fofii 3 Fundo Investimento Imobilirio
CAMB3.SA|Cambuci S.A.
PTNT4.SA|Pettenati S.A. Industria Têxtil
RZTR11.SA|Fundo De Investimento Imobiliario Riza Terrax
C1CL34.SA|Carnival Corporation & plc
Z1OM34.SA|Zoom Video Communications, Inc.
JPMC34.SA|JPMorgan Chase & Co.
MSCD34.SA|Mastercard Incorporated
CTSA4.SA|Companhia Tecidos Santanense Ltda.
WSON33.SA|Wilson Sons Limited
FRTA3.SA|Pomifrutas S/A
HSML11.SA|Hsi Malls Fundo De Investimento Imobiliario
KNRI11.SA|Kinea Renda Imobiliária Fundo de Investimento Imobiliário
BKNG34.SA|Booking Holdings Inc.
BCSA34.SA|SANTANDER DRN
TESA3.SA|Terra Santa Agro S.A.
VISC11.SA|Vinci Shopping Centers Fundo Investimento Imobiliario - Fii
ALUP3.SA|Alupar Investimento S.A.
CMCS34.SA|Comcast Corporation
DOHL4.SA|Döhler S.A.
BRAP3.SA|Bradespar S.A.
RBRR11.SA|Fundo Investimento Imobiliario - FII RBR Rendimento High Grade
ENGI3.SA|Energisa S.A.
SULA4.SA|Sul América S.A.
SULA3.SA|Sul América S.A.
WALM34.SA|Walmart Inc.
BZLI11.SA|Brazil Realty Fundo Investimento Imobiliario
DTCY3.SA|DTCOM - Direct to Company S.A.
CPFF11.SA|Capitania Reit FOF - Fundo De Investimento Imobiliario
HGCR11.SA|CSHG Recebiveis Imobiliarios BC Fundo de Investimento Imobiliario - FII
SCAR3.SA|São Carlos Empreendimentos e Participações S.A.
BRZP11.SA|Brz Infra Portos Fundo De Investimento Em Participacoes Em Infraestrutura
MGFF11.SA|Fundo Investimento Imobiliario Mogno Fundo Fundos
HGRE11.SA|CSHG Real Estate - Fundo de Investimento Imobiliario - FII
B1IL34.SA|Bilibili Inc.
S2QU34.SA|Square, Inc.
BRCO11.SA|Bresco - Fundo De Investimento Imobiliario
BACW39.SA|Ishares Msci Acwi ETF
GEOO34.SA|General Electric Company
VGIP11.SA|Valora Cri Indice De Preco Fundo De Investimento Imobiliario
KNRE11.SA|Kinea II Real Estate Equity Fundo de Investimento Imobiliário
MATB11.SA|It Now IMAT Index Fund
BIOM3.SA|Biomm S.A.
WHRL4.SA|Whirlpool S.A.
XPSF11.SA|XP Selection Fundo De Fundos De Investimento Imobiliario - FII
HABT11.SA|Habitat Ii - Fundo De Investimento Imobiliario
HGFF11.SA|CSHG Imobiliario Fof - Fundo De Investimento Imobiliario - Fii
IMBB11.SA|Etf Bradesco Ima-B Fundo De Indice
MALL11.SA|Malls Brasil Fundo Investimento Imobiliario
UNHH34.SA|UnitedHealth Group Incorporated
GGRC11.SA|Ggr Covipe Renda Fundo Investimento Imobiliario
TRXF11.SA|TRX Renda Fundo Investimento Imobiliario
S1PL34.SA|Splunk Inc.
VIGT11.SA|Vinci Energia Fundo De Investimento Em Participacao Em Infraestrutura
PNVL4.SA|Dimed S.A. Distribuidora de Medicamentos
MNPR3.SA|Minupar Participações S.A.
PEPB34.SA|PepsiCo, Inc.
VRTA11.SA|Fator Veritá Fundo de Investimento Imobiliário - FII
UNIP3.SA|Unipar Carbocloro S.A.
GALG11.SA|Guardian Logistica Fundo De Investimento Imobiliario
BARI11.SA|Fundo De Investimento Imobiliario Barigui Rendimentos Imobiliario I Fii
CGRA4.SA|Grazziotin S.A.
EQPA3.SA|Equatorial Pará Distribuidora de Energia S.A.
EMAE4.SA|Empresa Metropolitana de Águas e Energia S.A.
QCOM34.SA|QUALCOMM Incorporated
U1BE34.SA|Uber Technologies, Inc.
LVBI11.SA|Fundo De Investimento Imobiliario - VBI Logistico - Cota Fund
ENDD11.SA|Endurance Debt Fundo De Investimento Em Participacoes Em Infraestrutura
LVBI11.SA|Fundo De Investimento Imobiliario - VBI Logistico - Cota Fund
ENDD11.SA|Endurance Debt Fundo De Investimento Em Participacoes Em Infraestrutura
KISU11.SA|Kilima Fundo De Investimento Em Cotas De Fundos Imobiliarios Suno 30
CEDO3.SA|Companhia de Fiação e Tecidos Cedro e Cachoeira S.A.
URPR11.SA|Urca Prime Renda Fundo De Investimento Imobiliario - FII
LSXM35.SA|Formula One Group
MCDC34.SA|McDonald's Corporation
BTCR11.SA|Fundo Infestimento Imobiliario Btg Pactual Credito Imobiliario
FSTU11.SA|Fiset Tur
RBFF11.SA|Fator IFIX Fundo Investimento Imobiliario - FII - Cotas Fund
TSMC34.SA|TAIWANSMFAC DRN
SNSY5.SA|Sansuy S.A.
XPIN11.SA|Xp Industrial Fundo Investimento Imobiliario
PATL11.SA|Patria Logistica Fundo De Investimento Imobiliario
O1KT34.SA|Okta, Inc.
CHVX34.SA|Chevron Corporation
BRKM3.SA|Braskem S.A.
RDNI3.SA|RNI Negócios Imobiliários S.A.
BPFF11.SA|Fundo de Investimento Imobiliário - FII Brasil Plural Absoluto Fundo de Fundos
HSLG11.SA|Hsi Logistica Fundo De Investimento Imobiliario
DIVO11.SA|It Now IDIV Index Fund
BEEM39.SA|Ishares Msci Emerging Markets ETF
AALL34.SA|American Airlines Group Inc.
BIEF39.SA|Ishares Core Msci Eafe ETF
F1NI34.SA|Fidelity National Information Services, Inc.
SARE11.SA|Santander Renda De Alugueis Fundo Investimento Imobiliarios
PTNT3.SA|Pettenati S.A. Industria Têxtil
BBPO11.SA|BB Progressivo II Fundo de Investimento Imobiliário - FII
XPIE11.SA|XP Infra Fund II Fundo De Investimento Em Participacoes Infraestrutura
RNEW11.SA|Renova Energia S.A.
BRSR3.SA|Banco do Estado do Rio Grande do Sul S.A.
BOAC34.SA|Bank of America Corporation
RZAK11.SA|Riza Akin Fundo De Investimento Imobiliario – FII
NORD3.SA|Nordon Indústrias Metalúrgicas S/A
BIVB39.SA|Ishares Core S&P 500 Etf
IFRA11.SA|Itau FIC De Fundos De Investimento Em Direitos Creditorios De Infraestrutura
S2EA34.SA|Sea Limited
CRPG5.SA|Tronox Pigmentos do Brasil S.A.
PAGS34.SA|PagSeguro Digital Ltd.
G1WW34.SA|W.W. Grainger, Inc.
KDIF11.SA|Kinea Infra Fundo Investimento Cotas Fundos Investimento Direitos Creditorios Infraestrutura
VSLH11.SA|Versalhes Recebiveis Imobiliarios - Fundo De Investimento Imobiliario
REDE3.SA|Rede Energia Participações S.A.
C1SU34.SA|CREDIT SUISSDRN
RPAD6.SA|Alfa Holdings S.A.
AIEC11.SA|Autonomy Edifícios Corporativos Fundo de Investimento Imobiliario
HSAF11.SA|Hsi Ativos Financeiros Fundos Investimentos Imoliarios
CESP3.SA|CESP - Companhia Energética de São Paulo
BEWJ39.SA|Ishares Msci Japan Etf
EUCA3.SA|Eucatex S.A. Indústria e Comércio
XPCM11.SA|XP Corporate Macaé Fundo de Investimento Imobiliário - FII
ALZR11.SA|Alianza Trust Renda Imobiliaria Fundo Investimento Imobiliario
BDIV11.SA|Btg Pactual Infraestrutura Dividendos Fundo De Investimento Em Participacoes Em Infraestrutura
COCE5.SA|Companhia Energética do Ceará - Coelce
SDIL11.SA|SDI Logística Rio - Fundo de Investimento Imobiliário - FII
BTAL11.SA|FII Btg Pactual Agro Logistica
BPAC5.SA|Banco BTG Pactual S.A.
RFOF11.SA|Fundo De Investimento Imobiliario RB Capital I Fundo De Fundos
PLAS3.SA|Plascar Participações Industriais S.A.
XPID11.SA|XP FIC De Fundos Incentivados De Investimento Em Infraestrutura Renda Fixa
DMAC11.SA|Mac Fundo De Investimento Imobiliário fUND
R1FC34.SA|Regions Financial Corporation
FIVN11.SA|Vida Nova Fundo Investimento Immobiliere
BRAX11.SA|iShares IBrX-Índice Brasil (IBrX-100) Index Fund
TF473.SA|
IRFM11.SA|It Now IRF - M P2 Fundo De Indice
KNHY11.SA|Kinea High Yield Cri Fundo Investimento Imobiliario FII
TF573.SA|
BIBB39.SA|Ishares Nasdaq Biotechnology Etf
PFIN11.SA|Perfin Apollo Energia Fundo De Investimento Em Participacoes Em Infraestrutura
TF593.SA|
PATC11.SA|Patria Edificios Corporativos Fundo Investimento Imobiliario Fii
PGCO34.SA|The Procter & Gamble Company
TF603.SA|
TF523.SA|
TF543.SA|
TF563.SA|
TF483.SA|
TF583.SA|
T1AM34.SA|Atlassian Corporation Plc
TF513.SA|
TF503.SA|
TF533.SA|
RBRL11.SA|RBR Log FII
VGIR11.SA|Valora Re III Fundo De Investimento Imobiliario
RBVA11.SA|Fundo Invest Imobiliario Agencias Caixa - FII Fund
BPAC3.SA|Banco BTG Pactual S.A.
HGBS11.SA|HEDGE Brasil Shopping Fundo de Investimento Imobiliário
VERZ34.SA|Verizon Communications Inc.
RBRY11.SA|Fundo Investimeto Imobiliario Rbr Private Credito Imobiliario
TF553.SA|
PEMA11.SA|Performa Real Estate Fundo De Investimento Imobiliario
NAVT11.SA|
TOUR13.SA|FUNDO DE INVESTIMENTO IMOBILIÁRIO TOURMALET II
FIGS11.SA|Fundo de Investimento Imobiliário General Shopping Ativo e Renda - FII
ATTB34.SA|AT&T Inc.
BDLL3.SA|Bardella S.A. Indústrias Mecânicas
MGCR11.SA|FII Mogno Cri High Grade
EXXO34.SA|Exxon Mobil Corporation
MFII11.SA|Mérito Desenvolvimento Imobiliário I FII - Fundo de Investimento Imobiliário
MGCR11.SA|FII Mogno Cri High Grade
EXXO34.SA|Exxon Mobil Corporation
MFII11.SA|Mérito Desenvolvimento Imobiliário I FII - Fundo de Investimento Imobiliário
TF493.SA|
TEPP11.SA|SDI Properties Fundo De Investimento Imobiliario
TF623.SA|
BRSR5.SA|Banco do Estado do Rio Grande do Sul S.A.
GMCO34.SA|General Motors Company
OUJP11.SA|Ourinvest Jpp Fundo Investimento Imobiliario - Fii
RPAD5.SA|Alfa Holdings S.A.
IB5M11.SA|It Now IMA-B5+ Fundo De Indice
WFCO34.SA|Wells Fargo & Company
ARCT11.SA|Yaguara Capital High Yield Fundo De Investimento Imobiliario
BEGE39.SA|iShares, Inc. - iShares ESG Aware MSCI EM ETF
ABUD34.SA|Anheuser-Busch InBev SA/NV
PRSN11B.SA|Personale I Fundo Invest Imobiliario
HAGA3.SA|HAGA S/A Indústria e Comércio
HOOT4.SA|Hotéis Othon S.A.
B2YN34.SA|Beyond Meat, Inc.
COTY34.SA|Coty Inc.
BRGE12.SA|Consórcio Alfa de Administração S.A.
BEWT39.SA|Ishares Msci Taiwan ETF
LOFT13B.SA|Loft I Fundo De Investimento Imobiliario
PLCR11.SA|Plural Recebiveis Imobiliarios Fundo De Investimento Imobiliario
CEBR3.SA|Companhia Energética de Brasília - CEB
EDGA11.SA|Fundo de Investimento Imobiliario - FII Edificio Galeria
BLMR11.SA|Bluemacaw Renda Fof Fundo De Investimento Imobiliario
GSFI11.SA|General Shopping E Outlets Do Brasil Fundo De Investimento Imobiliario FII
SPTW11.SA|Sp Downtown Fundo de Investimento Imobiliário - FII
FEXC11.SA|Fundo De Investimento Imobiliário - FII BTG Pactual Fundo De CRI
USSX34.SA|United States Steel Corporation
CRIV4.SA|Financeira Alfa S.A. - Crédito, Financiamento e Investimentos
TEKA4.SA|Teka Tecelagem Kuehnrich S.A.
VCJR11.SA|Vectis Juros Real Fundo De Investimento Imobiliario - Fii
BCHI39.SA|Ishares Msci China Etf
BITO39.SA|Ishares Core S&P Total Us Stock Market Etf
RBIV11.SA|Rio Bravo Credito Imobiliario IV Fundo De Investimento Imobiliario - FII
CGRA3.SA|Grazziotin S.A.
BCIA11.SA|Bradesco Carteira Imobiliaria Ativa Fundos de Investimento Imobiliario
RCRB11.SA|Fundo de Investimento Imobiliário Rio Bravo Renda Corporativa
AFHI11.SA|Af Invest Cri Fundo De Investimento Imobiliario – Recebiveis Imobiliarios
CHCM34.SA|Charter Communications, Inc.
BEGD39.SA|Ishares Trust - Ishares Esg Aware Msci Eafe ETF
BEES4.SA|Banestes S.A - Banco do Estado do Espírito Santo
RBCO11.SA|RB Capital Office Income Fundo De Investimento Imobiliario
BLMG11.SA|Bluemacaw Logastica Fundo De Investimento ImobiliaRio
BIYF39.SA|Ishares Us Financials Etf
PPLA11.SA|PPLA Participations Ltd.
BALM4.SA|Baumer S.A.
A1ZN34.SA|ASTRAZENECA DRN
BALM4.SA|Baumer S.A.
A1ZN34.SA|ASTRAZENECA DRN
VIFI11.SA|Vinci Instrumentos Financeiros Fundo De Investimento Imobiliario
MORE11.SA|More Real Estate FOF Fundo De Investimento Imobiliario
KFOF11.SA|Kinea Fundo Fundos De Investimento Imobiliario FII
CTNM3.SA|Companhia de Tecidos Norte de Minas
MUTC34.SA|Micron Technology, Inc.
RVBI11.SA|Vbr Reits Fof Fundo De Investimento Imobiliario
NCHB11.SA|FII NCH BRA CI
THRA11.SA|Fundo de Investimento Imobiliário BM Cyrela Thera Corporate
CLSC4.SA|Centrais Elétricas de Santa Catarina S.A.
WHRL3.SA|Whirlpool S.A.
HLOG11.SA|Hedge Logistica Fundo Investimento Imobiliario
MACY34.SA|Macy's, Inc.
M1BT34.SA|MOBILE TELESDRN
RNGO11.SA|Fundo de Investimento Imobiliário Rio Negro
ALPA3.SA|Alpargatas S.A.
FCXO34.SA|Freeport-McMoRan Inc.
MGEL4.SA|Mangels Industrial S.A.
HGPO11.SA|Cshg Jhsf Prime Offices Fundo De Investimento Imobiliario
TF655.SA|
BDIF11.SA|Btg Pactual Divida Infra FICF Incentivados De Investimento Em Infraestrutura Renda Fixa Credito Priv
CXCO11.SA|Fundo De Investimento Imobiliario Caixa Imoveis Corporativos
RBED11.SA|Aesapar Fundo de Investimento Imobiliário - FII
BIXJ39.SA|Ishares Global Healthcare Etf
EALT3.SA|Electro Aço Altona S.A.
PSVM11.SA|Porto Sudeste do Brasil S.A. VAR INCOME UNDATED ROYALTIES BASED
PPEI11.SA|Prisma Proton Energia Fundo De Investimento Em Participacoes Em Infraestrutura
TF685.SA|
TF675.SA|
BMEB4.SA|Banco Mercantil do Brasil S.A.
LIPR3.SA|Eletrobras Participações S.A. - Eletropar
TF665.SA|
BBRC11.SA|BB Renda Corporativa Fundo de Investimento Imobiliário - FII
CBOP11.SA|Castello Branco Off Park Fund In Im
CTGP34.SA|Citigroup Inc.
TELB4.SA|Telecomunicações Brasileiras S.A. - TELEBRÁS
DOHL3.SA|Döhler S.A.
ROST34.SA|Ross Stores, Inc.
KHCB34.SA|The Kraft Heinz Company
MTSA4.SA|METISA Metalúrgica Timboense S.A.
TJXC34.SA|The TJX Companies, Inc.
BEWW39.SA|Ishares Msci Mexico ETF
ISUS11.SA|It Now ISE Index Fund
B1MR34.SA|BioMarin Pharmaceutical Inc.
BDLL4.SA|Bardella S.A. Indústrias Mecânicas
OULG11.SA|Pedra Dourada Fundo De Investimento Imobiliário - FII
OUFF11.SA|Fundo De Investimento Imobiliario - Ourinvest CYRELA - Fii
ABCP11.SA|FII ABC Plaza Shopping Fund
SIMN34.SA|Simon Property Group, Inc.
GPCP4.SA|GPC Participações S.A.
MTIG4.SA|Metalgráfica Iguaçu S.A.
CBEE3.SA|Ampla Energia e Serviços S.A.
SBUB34.SA|Starbucks Corporation
S2UI34.SA|Sun Communities, Inc.
FIND11.SA|It Now IFNC Index Fund
N1GG34.SA|NATIONAL GRIDRN
SADI11.SA|Santander Papeis Imobiliarios Cdi Fundo De Investimento Imobiliario
HTMX11.SA|FD Invest Imob Hotel Maxinvest
EQPA7.SA|Equatorial Pará Distribuidora de Energia S.A.
BGIP3.SA|Banco do Estado de Sergipe S.A.
AFLT3.SA|Afluente Transmissão de Energia Elétrica S.A.
TF693.SA|ATIVO TESTE ON
CATP34.SA|Caterpillar Inc.
E1RI34.SA|ERICSSON LM DRN
TF713.SA|ATIVO TESTE ON
L1VS34.SA|Las Vegas Sands Corp.
W1BK34.SA|Westpac Banking Corporation
BAZA3.SA|Banco da Amazônia S.A.
TF703.SA|ATIVO TESTE ON
TF723.SA|ATIVO TESTE ON
S1PO34.SA|Spotify Technology S.A.
VSHO11.SA|FII Votorantim shopping
BTTL3.SA|Battistella Administração e Participações S.A.
CSRN3.SA|Companhia Energética do Rio Grande do Norte - COSERN
CTKA4.SA|Karsten S.A.
TWTR34.SA|Twitter, Inc.
RBRD11.SA|RB Capital Renda II Fundo de Investimento Imobiliário - FII
MMMC34.SA|3M Company
BIWM39.SA|Ishares Russell 2000 Etf
T1SC34.SA|Tractor Supply Company
CSCO34.SA|Cisco Systems, Inc.
CEOC11.SA|Fundo de Investimento Imobiliário FII CEO Cyrela Fund
IBFF11.SA|Fundo De Investimento Imobiliario Fof Integral Brei
BILF39.SA|Ishares Latin America 40 ETF
BMIN4.SA|Banco Mercantil de Investimentos S.A.
BBFO11.SA|BB Fundos De Fundos - Fundo De Investimento Imobiliario
PICE11.SA|Patria Infraestrutura Energia Core Fundo De Investimento Em Participacoes Em Infraestrutura
ECOO11.SA|iShares Índice Carbono Eficiente (ICO2) Brasil - Fundo de Índice
JRDM11.SA|Fundo de Investimento Imobiliário - FII Shopping Jardim Sul
BIJR39.SA|Ishares Core S&P Small-Cap Etf
HCST11.SA|Hectare Student Housing I - Fundo De Investimento Em Participacoes Multiestrategia
C1TV34.SA|Corteva, Inc.
B5P211.SA|It Now Ima-B5 P2 Fundo De Indice
FSLR34.SA|First Solar, Inc.
CRDE3.SA|CR2 Empreendimentos Imobiliários S.A.
GOGL35.SA|Alphabet Inc.
D1OC34.SA|DocuSign, Inc.
ORCL34.SA|Oracle Corporation
BNFS11.SA|Banrisul N Front Fund Investment IMO FII Fund
RDSA35.SA|Royal Dutch Shell plc
BIAU39.SA|Ishares Gold Trust
OURE11.SA|Fundo De Investimento Imobiliario - Ourinvest CYRELA - Fii
PATI3.SA|Panatlântica S.A.
HRDF11.SA|Hedge Realty Development Fundo Investimento Imobiliario FII
BNDA39.SA|Ishares Msci India Etf
SEQR11.SA|Sequoia III Renda Imobiliaria - Fundo De Investimento Imobiliaria
LGCP11.SA|Imob I Fundo De Investimento Imobiliario - FII
XPHT11.SA|XP Hoteis Fundo De Investimento Imobiliario FII
IFIE11.SA|Ifi E Inter Fundo De Investimento Imobiliario
W1DA34.SA|Workday, Inc.
MWET3.SA|Wetzel S.A.
TXRX4.SA|Têxtil Renauxview S.A.
PORD11.SA|Polo Fundo de Investimento Imobiliário - Recebíveis Imobiliários II - FII
GSGI34.SA|The Goldman Sachs Group, Inc.
N1XP34.SA|NXP Semiconductors N.V.
EVBI11.SA|Vbi Consumo Essencial Fundo De Investimento Imobiliarios
BUSM39.SA|Ishares Msci Usa Min Vol Factor ETF
R1CL34.SA|Royal Caribbean Group
E1CL34.SA|Ecolab Inc.
ARRI11.SA|Fundo De Investimento Imobiliario Atrio Reit Recebiveis Imobiliarios
BDVY39.SA|Ishares Select Dividend Etf
BALM3.SA|Baumer S.A.
BSLI4.SA|BRB - Banco de Brasília S.A.
PEAB3.SA|Companhia de Participações Aliança da Bahia
PLOG11.SA|Plural Logistica Fundo De Investimento Imobiliario
FIIP11B.SA|RB Capital Renda I Fundo de Investimento Imobiliário - FII
RELG11.SA|Fundo De Investimento Imobiliario Rec Logistaca
FIIB11.SA|Real Estate Investment Fund Industry in Brazil
GPRK34.SA|GeoPark Limited
ABCB10.SA|Banco ABC Brasil S.A.
GSHP3.SA|General Shopping e Outlets do Brasil S.A.
CEED3.SA|Companhia Estadual de Distribuição de Energia Elétrica
JDCO34.SA|JD.com, Inc.
ARMT34.SA|ARCELOR DRN
MFAI11.SA|Merito Fundo E Acoes Imobiliarias Fii - Fundo De Investimento Imobiliario
A1MD34.SA|Advanced Micro Devices, Inc.
E1QR34.SA|Equity Residential
VTLT11.SA|Fundo Investimento Imobiliario Votorantim Logistica
S2NW34.SA|Snowflake Inc.
B5MB11.SA|ETF Bradesco Ima-B5 Plus Fundo De Indice
FDES11.SA|Fundo de Recuperacao Economica
C1RR34.SA|Carrier Global Corporation
XTED11.SA|XTED - TRX Edificios Corporativos Fundo Invest Imobiliario FII Fund
M1AA34.SA|Mid-America Apartment Communities, Inc.
P1LD34.SA|Prologis, Inc.
FCFL11.SA|Fundo De Investimento Imobiliario Campus Faria Lima - Inicio De Negociacao
GCRI11.SA|Galapagos Recebiveis Imobiliarios Fundo De Investimento Imobiliario
CXRI11.SA|CXFI - Caixa Rio Bravo Fundo Fundos
TF565.SA|
AFCR11.SA|Supernova Fundo De Investimento Imobiliario - Recebiveis Imobiliarios
TF585.SA|
TF625.SA|
EDFO11B.SA|Fundo de Investimento Imobiliário Edifício Ourinvest - Cotas Fund
VLOL11.SA|Fundo de Investimento Imobiliario - FII Vila Olimpia Corporate
N1EM34.SA|Newmont Corporation
TF545.SA|
RPAD3.SA|Alfa Holdings S.A.
BSLV39.SA|Ishares Silver Trust
MERC3.SA|Mercantil do Brasil Financeira S.A.
USIM6.SA|Usinas Siderúrgicas de Minas Gerais S.A.
LUXM4.SA|Trevisa Investimentos S.A.
TXRX3.SA|Têxtil Renauxview S.A.
BIXN39.SA|Ishares Global Tech ETF
TF505.SA|
TF595.SA|
TF485.SA|
I1QY34.SA|IQIYI INC DRN
H1ZN34.SA|Horizon Therapeutics Public Limited Company
TF605.SA|
TF525.SA|
WTSP11B.SA|Fundo De Investimento Imobiliario Ourinvest Re I
TF555.SA|
TF535.SA|
TF575.SA|
A1UA34.SA|AngloGold Ashanti Limited
WTSP11B.SA|Fundo De Investimento Imobiliario Ourinvest Re I
TF555.SA|
TF535.SA|
TF575.SA|
TF495.SA|
I1NF34.SA|IHS Markit Ltd.
B1TI34.SA|BRITISH AMERDRN
TF475.SA|
D1DG34.SA|Datadog, Inc.
EQIX34.SA|Equinix, Inc. (REIT)
R1KU34.SA|Roku, Inc.
P1EA34.SA|Healthpeak Properties, Inc.
TF515.SA|
N1CL34.SA|Norwegian Cruise Line Holdings Ltd.
CGAS5.SA|Companhia de Gás de São Paulo - COMGÁS
BPML11.SA|Fundo De Investimento Imobiliario BTG Pactual Shoppings
LBRN34.SA|L Brands, Inc.
FVPQ11.SA|FII V PARQUECI
TGTB34.SA|Target Corporation
RBRS11.SA|Rio Bravo Renda Residencial Fundo De Investimentos Imobiliario
NOKI34.SA|Nokia Corporation
HONB34.SA|Honeywell International Inc.
ONEF11.SA|Fundo de Investimento Imobiliario The One Fund
NSLU11.SA|Hospital Nossa Senhora De Lourde Fund
GCFF11.SA|Galapagos Fundo De Fundos Fii Fundo De Investimento Imobiliario
R1KU34.SA|Roku, Inc.
ELCI34.SA|The Estée Lauder Companies Inc.
WLMM4.SA|WLM Participações e Comércio de Máquinas e Veículos S.A.
XRAY34.SA|DENTSPLY SIRONA Inc.
MSBR34.SA|Morgan Stanley
CXCE11B.SA|Fundo de Investimento Caixa Cedae
RRCI11.SA|RB Capital Asset Management Ltda.
IFID11.SA|Ifi D Inter Fundo De Investimento Imobiliario
CNES11.SA|Fundo De Investimento Imobiliario Bm Cenesp - Fii - Inicio De Negociacao
C1BS34.SA|ViacomCBS Inc.
D1LR34.SA|Digital Realty Trust, Inc.
JPPA11.SA|JPP Allocation Mogno - Fundo De Investimento Imobiliario
CVSH34.SA|CVS Health Corporation
UPSS34.SA|United Parcel Service, Inc.
HOSI11.SA|Fundo De Investimento Imobiliario Housi
RDSA34.SA|Royal Dutch Shell plc
FATN11.SA|Fundo De Investimento Imobiliario Athena I
B1SX34.SA|Boston Scientific Corporation
GOVE11.SA|It Now IGCT Index Fund
PICE12.SA|Patria Infraestrutura Energia Core Fundo De Investimento Em Participacoes Em Infraestrutura
FESA3.SA|Cia de Ferro Ligas da Bahia - FERBASA
CRIV3.SA|Financeira Alfa S.A. - Crédito, Financiamento e Investimentos
BRGE11.SA|Consórcio Alfa de Administração S.A.
ENMT4.SA|Energisa Mato Grosso - Distribuidora de Energia S/A
PICE12.SA|Patria Infraestrutura Energia Core Fundo De Investimento Em Participacoes Em Infraestrutura
FESA3.SA|Cia de Ferro Ligas da Bahia - FERBASA
CRIV3.SA|Financeira Alfa S.A. - Crédito, Financiamento e Investimentos
ENMT4.SA|Energisa Mato Grosso - Distribuidora de Energia S/A
CEEB3.SA|Companhiade Eletricidade do Estado da Bahia - COELBA
BRGE11.SA|Consórcio Alfa de Administração S.A.
BRGE3.SA|Consórcio Alfa de Administração S.A.
SOND3.SA|Sondotécnica Engenharia de Solos S.A.
EQPA5.SA|Equatorial Pará Distribuidora de Energia S.A.
FDMO34.SA|Ford Motor Company
RBBV11.SA|JHSF Rio Bravo Fazenda Boa Vista Capital Protegido Fundo de Investimento Imobiliário - FII
OXYP34.SA|Occidental Petroleum Corporation
XPHT12.SA|XP Hoteis Fundo De Investimento Imobiliario FII
S2HO34.SA|Shopify Inc.
EBAY34.SA|eBay Inc.
GILD34.SA|Gilead Sciences, Inc.
T1EC34.SA|TechnipFMC plc
D1TE34.SA|DTE Energy Company
GPRO34.SA|GoPro, Inc.
ATVI34.SA|Activision Blizzard, Inc.
BIJH39.SA|Ishares Core S&P Mid-Cap Etf
T1DG34.SA|TransDigm Group Incorporated
I1FO34.SA|INFOSYS LTD DRN
T2TD34.SA|The Trade Desk, Inc.
P1PG34.SA|PPG Industries, Inc.
CSRN5.SA|Companhia Energética do Rio Grande do Norte - COSERN
CEPE6.SA|Companhia Energética de Pernambuco - CELPE
I1AC34.SA|IAC/InterActiveCorp
MOSC34.SA|The Mosaic Company
BNBR3.SA|Banco do Nordeste do Brasil S.A.
CGAS3.SA|Companhia de Gás de São Paulo - COMGÁS
MAPT3.SA|Cemepe Investimentos S.A.
BMIN3.SA|Banco Mercantil de Investimentos S.A.
HETA4.SA|Hércules S.A - Fábrica de Talheres
M1GM34.SA|MGM Resorts International
B1SA34.SA|Banco Santander-Chile
C1HI34.SA|China Petroleum & Chemical Corporation
LUGG11.SA|Luggo Fundo De Investimento Imobiliario De FII
KNOX11.SA|Fip Knox Debt Infraestrutura
SCPF11.SA|Scp Fundo De Investimento NPV
HBRH11.SA|Fundo De Investimento ImobiliaRio Multi Renda Urbana
RBHY11.SA|Rio Bravo Credito Imobiliario High Yield Fundo De Investimento Imobiliario – FII
BIIB34.SA|Biogen Inc.
HGIC11.SA|Hgi Creditos Imobiliarios Fundo De Investimento
GOVE11.SA|It Now IGCT Index Fund
BBSD11.SA|BB ETF S&P Dividendos Brasil Fundo de Indice
B1PP34.SA|BP p.l.c.
CRDA34.SA|Credit Acceptance Corporation
C1CI34.SA|Crown Castle International Corp. (REIT)
HUSC11.SA|Fundo Investimento Imobiliario Hospital Unimed Sul Capixaba
BIDU34.SA|BAIDU INC DRN
C1OO34.SA|The Cooper Companies, Inc.
BRGE8.SA|Consórcio Alfa de Administração S.A.
HBTS5.SA|Companhia Habitasul de Participações
BAUH4.SA|Excelsior Alimentos S.A.
SNSY3.SA|Sansuy S.A.
CEPE5.SA|Companhia Energética de Pernambuco - CELPE
EKTR4.SA|Elektro Redes S.A.
JOPA3.SA|JOSAPAR Joaquim Oliveira S.A. Participações
APTV34.SA|Aptiv PLC
VVPR11.SA|Fundo De Investimento Imobiliario V2 Properties
HALI34.SA|Halliburton Company
NEXT34.SA|NextEra Energy, Inc.
N1OW34.SA|ServiceNow, Inc.
ESGB11.SA|Btg Pactual Esg Fundo De Indice S P Brazil Esg
MGHT11.SA|Fundo De Investimento Imobiliario Mogno Hoteis
G1LP34.SA|GALAPAGOS NVDRN
L1MN34.SA|Lumen Technologies, Inc.
A1BB34.SA|ABB Ltd
USBC34.SA|U.S. Bancorp
UBSG34.SA|UBS Group AG
S1TX34.SA|Seagate Technology plc
I1BN34.SA|ICICI BANK LDRN
ULEV34.SA|Unilever PLC
I1RM34.SA|Iron Mountain Incorporated
HCRI11.SA|Fundo de Investimento Imobiliário - FII Hospital da Criança
BIEF39.SA|Ishares Core Msci Eafe ETF
PLRI11.SA|Polo Fundo de Investimento Imobiliario – FII Recebiveis Imobiliarios IMO - Cotas Fund
BMYB34.SA|Bristol-Myers Squibb Company
DHER34.SA|Danaher Corporation
D1HI34.SA|D.R. Horton, Inc.
H1CA34.SA|HCA Healthcare, Inc.
A1GI34.SA|Agilent Technologies, Inc.
JFLL11.SA|JFL Living Fundo De Investimento Imobiliario
H1DB34.SA|HDFC BANK LTDRN
RMAI11.SA|Domo Fundo de Investimento Imobiliário - FII
BEWH39.SA|Ishares Msci Hong Kong Etf
LILY34.SA|Eli Lilly and Company
HPQB34.SA|HP Inc.
CTKA3.SA|Karsten S.A.
TELB3.SA|Telecomunicações Brasileiras S.A. - TELEBRÁS
MOAR3.SA|Monteiro Aranha S.A.
TXSA34.SA|Ternium S.A.
ENMT3.SA|Energisa Mato Grosso - Distribuidora de Energia S/A
MNDL3.SA|Mundial S.A. - Produtos de Consumo
CESP5.SA|CESP - Companhia Energética de São Paulo
CEBR6.SA|Companhia Energética de Brasília - CEB
SOND5.SA|Sondotécnica Engenharia de Solos S.A.
BAHI3.SA|Bahema Educação S.A.
CRPG6.SA|Tronox Pigmentos do Brasil S.A.
M1TD34.SA|Mettler-Toledo International Inc.
WLMM3.SA|WLM Participações e Comércio de Máquinas e Veículos S.A.
BGIP4.SA|Banco do Estado de Sergipe S.A.
CSRN6.SA|Companhia Energética do Rio Grande do Norte - COSERN
BMEB3.SA|Banco Mercantil do Brasil S.A.
CRPG3.SA|Tronox Pigmentos do Brasil S.A.
HPDP11.SA|Hedge Real Estate I Fundo De Investimento Imobliario
INTU34.SA|Intuit Inc.
R1IN34.SA|Realty Income Corporation
BONY34.SA|The Bank of New York Mellon Corporation
VRTX34.SA|Vertex Pharmaceuticals Incorporated
MOOO34.SA|Altria Group, Inc.
ADBE34.SA|Adobe Inc.
BEFA39.SA|Ishares Msci Eafe ETF
CAON34.SA|Capital One Financial Corporation
T1WL34.SA|Twilio Inc.
S1OU34.SA|Southwest Airlines Co.
G1FI34.SA|Gold Fields Limited
EURO11.SA|Coinvalores Dtvm Ltda.
ABTT34.SA|Abbott Laboratories
AVGO34.SA|Broadcom Inc.
W1AB34.SA|Westinghouse Air Brake Technologies Corporation
FAED11.SA|Fundo de Investimento Imobiliário - FII Anhanguera Educacional
DCVY34.SA|Discovery, Inc.
E1QN34.SA|EQUINOR ASA DRN
M2PW34.SA|Medical Properties Trust, Inc.
NVHO11.SA|Fundo Invest
CJCT11.SA|Cidade Jardim Continental Tower Fundo De Investimento Imobiliario
COLG34.SA|Colgate-Palmolive Company
I1LM34.SA|Illumina, Inc.
AXPB34.SA|American Express Company
E1MR34.SA|Emerson Electric Co.
F1RI34.SA|Federal Realty Investment Trust
BMKS3.SA|Bicicletas Monark S.A.
QAMI11.SA|Quasar Credito Imobiliario Fundo De Investimento Imobiliario
T1EV34.SA|TEVA PHARMACDRN
U1LT34.SA|Ulta Beauty, Inc.
T1RO34.SA|T. Rowe Price Group, Inc.
BBFI11B.SA|BB Fundo De Investimento Imobiliario Progressivo
MDTC34.SA|Medtronic plc
CTXT11.SA|Fundo Invest Imobiliario Centro Textil Internacional - Cotas Fund
RBGS11.SA|RB Capital General Shopping Sulacap Real Estate Investment Fund
BMLC11.SA|Fundo de Investimento Imobiliário Rio Bravo Renda Corporativa
TLNC34.SA|TELEFONIC DRN
NETE34.SA|NETEASE DRN
RBVO11.SA|Rio Bravo Credito - Imobiliario II Fundo Invest Imobiliario FII Fund
M1TB34.SA|M&T Bank Corporation
J1EF34.SA|Jefferies Financial Group Inc.
RBIR11.SA|Rb Capital Desenvolvimento Residencial IV Fundo De Investimento Imobiliario - FII
CRFF11.SA|Caixa Rio Bravo Fundo De Fundos De Investimento Imobiliario II-Cotas
M1UF34.SA|MITSUBISHI UDRN
FCCQ11.SA|FCCQ - Conquest Fundo Investimento Participacoes - Cota Fundo – Cotas Fund
Z2NG34.SA|Zynga Inc.
L1RC34.SA|Lam Research Corporation
K1LA34.SA|KLA Corporation
A1EP34.SA|American Electric Power Company, Inc.
DEAI34.SA|Delta Air Lines, Inc.
L1IN34.SA|Linde plc
EKTR3.SA|Elektro Redes S.A.
BSLI3.SA|BRB - Banco de Brasília S.A.
CEED4.SA|Companhia Estadual de Distribuição de Energia Elétrica
GPAR3.SA|Companhia CELG de Participações S/A
COCE3.SA|Companhia Energética do Ceará - Coelce
BRIV3.SA|Banco Alfa de Investimento S.A.
GEPA3.SA|Rio Paranapanema Energia S.A.
BEWZ39.SA|Ishares Msci Brazil ETF
E1DU34.SA|NEW ORIENTALDRN
SOND6.SA|Sondotécnica Engenharia de Solos S.A.
CLSC3.SA|Centrais Elétricas de Santa Catarina S.A.
FRIO3.SA|Metalfrio Solutions S.A.
CEBR5.SA|Companhia Energética de Brasília - CEB
TPRY34.SA|Tapestry, Inc.
CEGR3.SA|Companhia Distribuidora de Gás do Rio de Janeiro - CEG
ESTR4.SA|Manufatura de Brinquedos Estrela S.A.
TKNO4.SA|Tekno S.A. Indústria e Comércio
BRKM6.SA|Braskem S.A.
PEAB4.SA|Companhia de Participações Aliança da Bahia
PATI4.SA|Panatlântica S.A.
W1BO34.SA|Weibo Corporation
BRIV4.SA|Banco Alfa de Investimento S.A.
GPSI34.SA|The Gap, Inc.
PRSV11.SA|Fundo de Investimento Imobiliário Presidente Vargas
T1TW34.SA|Take-Two Interactive Software, Inc.
S1BS34.SA|Sibanye Stillwater Limited
FAMB11B.SA|Fundo de Investimento Imobiliario Edificio Almirante Barroso
P1AC34.SA|PACCAR Inc
ALMI11.SA|Fundo De Investimento Imobiliario Torre Almirante
PABY11.SA|Fundo de Investimento Imobiliário Panamby
U2ST34.SA|Unity Software Inc.
BLAK34.SA|BlackRock, Inc.
WPLZ11.SA|Fundo Investec IMB Shopping West Plaza Fund
TEXA34.SA|Texas Instruments Incorporated
I1XC34.SA|ORIX CORP DRN
A1IV34.SA|Apartment Investment and Management Company
CXTL11.SA|Fundo De Investimento Imobiliário Caixa Trx Logística Renda
A1EG34.SA|Aegon N.V.
L1DO34.SA|Leidos Holdings, Inc.
K2CG34.SA|Kingsoft Cloud Holdings Limited
WABC34.SA|Western Alliance Bancorporation
VLOE34.SA|Valero Energy Corporation
VLOE34.SA|Valero Energy Corporation
KEVE11.SA|Even II Kinea Fundo De Investimento Imobiliario
L1UL34.SA|Lululemon Athletica Inc.
Z1TS34.SA|Zoetis Inc.
RIOT34.SA|RIO TINTO DRN
WGBA34.SA|Walgreens Boots Alliance, Inc.
MBRF11.SA|Fundo De Investimento Imobiliário Mercantil Do Brasil-fii -Inicio
R1EG34.SA|Regency Centers Corporation
A1TH34.SA|Autohome Inc.
N1VS34.SA|Novartis AG
SNEC34.SA|SONY GROUP DRN
KINP11.SA|Even Permuta Kinea Fii Fundo Investimento
S1YY34.SA|Sysco Corporation
TAKP34.SA|Takeda Pharmaceutical Company Limited
Q1UE34.SA|Quest Diagnostics Incorporated
SRXM34.SA|Sirius XM Holdings Inc.
E1IX34.SA|Edison International
D1IS34.SA|DISH Network Corporation
I1HG34.SA|InterContinental Hotels Group PLC
MAXR11.SA|Fundo De Investimentos Imobiliarios - Max Ret
C1MS34.SA|CMS Energy Corporation
BBYY34.SA|Best Buy Co., Inc.
CNIC34.SA|Canadian National Railway Company
BAER39.SA|Ishares Us Aerospace & Defense ETF
EXGR34.SA|Expedia Group, Inc.
C1MA34.SA|Comerica Incorporated
BICR11.SA|Inter Titulos Imobiliarios Fundo De Investimento Imobiliario
TRXB11.SA|Trx Real Estate II Fundo De Investimento Imobiliario - Fii
BEWZ39.SA|Ishares Msci Brazil ETF
R1YA34.SA|RYANAIR HOLDDRN
P1DD34.SA|PINDUODUO INDRN
A1TM34.SA|Atmos Energy Corporation
K1RC34.SA|The Kroger Co.
SCHW34.SA|The Charles Schwab Corporation
J1EG34.SA|Jacobs Engineering Group Inc.
FPAB11.SA|Fundo de Investimento Imobiliário Projeto Água Branca
V1NO34.SA|Vornado Realty Trust
PQAG11.SA|Rb Capital Anhanguera Fundo De Investimento Imobiliario
RYTT34.SA|Raytheon Technologies Corporation
PNCS34.SA|The PNC Financial Services Group, Inc.
V1MC34.SA|Vulcan Materials Company
T1RI34.SA|TripAdvisor, Inc.
J1CI34.SA|Johnson Controls International plc
F1RA34.SA|Franklin Resources, Inc.
LSXM34.SA|The Liberty SiriusXM Group
VSEC11.SA|Imobiliario Votorantim Securities Fundos de Investimento
CLXC34.SA|The Clorox Company
S1LG34.SA|SL Green Realty Corp.
EAIN34.SA|Electronic Arts Inc.
A1VB34.SA|AvalonBay Communities, Inc.
RIOT34.SA|RIO TINTO DRN
PQDP11.SA|Parque Dom Pedro Shopping Center Fund
S1SL34.SA|Skyworks Solutions, Inc.
D1EL34.SA|Dell Technologies Inc.
M1TT34.SA|Marriott International, Inc.
SPGI34.SA|S&P Global Inc.
S1YY34.SA|Sysco Corporation
C1MA34.SA|Comerica Incorporated
A1RG34.SA|argenx SE
P1NW34.SA|Pinnacle West Capital Corporation
J1WN34.SA|Nordstrom, Inc.
M1SC34.SA|MSCI Inc.
INGG34.SA|ING Groep N.V.
BOEI34.SA|The Boeing Company
SHPH11.SA|FDO INV Imob Shopping Patio Higienopolis
SJAU11.SA|Sj Au Logistica Fundo De Investimento Imobiliario
RECX11.SA|Rec Fundo De Fundos - Fii Fundo De Investimento Imobiliario
D1OW34.SA|Dow Inc.
B1KR34.SA|Baker Hughes Company
A1LB34.SA|Albemarle Corporation
N1TA34.SA|NetApp, Inc.
V1TA34.SA|Ventas, Inc.
IBMB34.SA|International Business Machines Corporation
A1EN34.SA|Alliant Energy Corporation
ATSA11.SA|Cshg Atrium Shopping Santo Andr Fundo De Investimento Imobilirio Fii
K1CS34.SA|Kansas City Southern
DEOP34.SA|DIAGEO PL DRN
W1IX34.SA|Wix.com Ltd.
AIGB34.SA|American International Group, Inc.
C1BO34.SA|Cboe Global Markets, Inc.
FMOF11.SA|Fundos de Investimento Imobiliário Memorial Office Of Cotas
H1TH34.SA|Huazhu Group Limited
N1VO34.SA|Novo Nordisk A/S
VOTS11.SA|Votorantim Securities Master Fundo Investimento Imobiliario Fii
RDPD11.SA|Bb Renda Papeis Imobiliarios II Fundo Investimento Imobiliario
DEEC34.SA|Deere & Company
RNDP11.SA|BB Renda de Papéis Imobiliários Fundo de Investimento Imobiliário - FII
W1DC34.SA|Western Digital Corporation
SBNY34.SA|Signature Bank
N1BI34.SA|Neurocrine Biosciences, Inc.
W1EL34.SA|Welltower Inc.
A1RE34.SA|Alexandria Real Estate Equities, Inc.
C1IC34.SA|Cigna Corporation
W1PP34.SA|WPP plc
SLBG34.SA|Schlumberger Limited
N1IC34.SA|NICE LTD DRN
I1VZ34.SA|Invesco Ltd.
K1IM34.SA|Kimco Realty Corporation
E1TR34.SA|Entergy Corporation
AZOI34.SA|AutoZone, Inc.
XRXB34.SA|Xerox Holdings Corporation
I1NC34.SA|Incyte Corporation
H1LT34.SA|Hilton Worldwide Holdings Inc.
E1NI34.SA|ENEL AMERICADRN
L1YV34.SA|Live Nation Entertainment, Inc.
A1LN34.SA|Alnylam Pharmaceuticals, Inc.
F1MC34.SA|FMC Corporation
ASML34.SA|ASML HOLD DRN
TMCO34.SA|TOYOTAMO DRN
B1AM34.SA|Brookfield Asset Management Inc.
XBOV11.SA|CAIXA ETF Ibovespa Fundo de Índice - Cotas Fund
H1ST34.SA|Host Hotels & Resorts, Inc.
N1VR34.SA|NVR, Inc.
M1CK34.SA|McKesson Corporation
H1RL34.SA|Hormel Foods Corporation
I1DX34.SA|IDEXX Laboratories, Inc.
TRNT11.SA|Fundo de Investimento Imobiliário - FII Torre Norte
E1XC34.SA|Exelon Corporation
FLRP11.SA|Fundo de Investimento Imobiliário - FII Floripa Shopping
DRIT11B.SA|Multigestao Renda Comercial Fundo De Investimento Imobiliario - FII
REIT11.SA|REIT Rivera Fundo Invest Imobiliario Cotas
TSNF34.SA|Tyson Foods, Inc.
R1OL34.SA|Rollins, Inc.
M1NS34.SA|Monster Beverage Corporation
FOXC34.SA|Fox Corporation
A1AP34.SA|Advance Auto Parts, Inc.
P1DT34.SA|Prudential Financial, Inc.
G1LW34.SA|Corning Incorporated
HSRE11.SA|Hsi Renda Imobiliario - Fundo De Investimento Imobiliario
TRVC34.SA|The Travelers Companies, Inc.
L1EN34.SA|Lennar Corporation
MCOR34.SA|Moody's Corporation
N1WG34.SA|Rogue Swapping III
K1EY34.SA|KeyCorp
QIFF11.SA|Quata Monetai Fundo De Fundos - Fii
P1HM34.SA|PulteGroup, Inc.
UPAC34.SA|Union Pacific Corporation
A1MB34.SA|AmerisourceBergen Corporation
R1LC34.SA|Ralph Lauren Corporation
HREC11.SA|Hedge Recebiveis Fundo De Investimento Imobiliario
P1SX34.SA|Phillips 66
BIEM39.SA|Ishares Core Msci Emerging Markets ETF
E1SS34.SA|Essex Property Trust, Inc.
V1NO34.SA|Vornado Realty Trust
C1BR34.SA|CBRE Group, Inc.
N1OV34.SA|NOV Inc.
HAAA11.SA|Hedge Aaa Fundo De Investimento Imobiliario
A1YX34.SA|Alteryx, Inc.
S1SN34.SA|SS&C Technologies Holdings, Inc.
H1BI34.SA|Hanesbrands Inc.
M1DB34.SA|MongoDB, Inc.
BILB34.SA|BILBAOVIZ DRN
O1TI34.SA|Otis Worldwide Corporation
F1SL34.SA|Fastly, Inc.
PTCH34.SA|PETROCHIN DRN
CHME34.SA|CME Group Inc.
A1LX34.SA|Alexion Pharmaceuticals, Inc.
E1MN34.SA|Eastman Chemical Company
F1AN34.SA|Diamondback Energy, Inc.
A1FL34.SA|Aflac Incorporated
REGN34.SA|Regeneron Pharmaceuticals, Inc.
D1RE34.SA|Duke Realty Corporation
NMRH34.SA|NOMURA HO DRN
N1WL34.SA|Newell Brands Inc.
CPRL34.SA|Canadian Pacific Railway Limited
L1BT34.SA|Liberty Global plc
E1DI34.SA|CONSOLIDATEDDRN
A1LG34.SA|Align Technology, Inc.
L1YB34.SA|LyondellBasell Industries N.V.
LOWC34.SA|Lowe's Companies, Inc.
BOXP34.SA|Boston Properties, Inc.
P1IO34.SA|Pioneer Natural Resources Company
Q1RV34.SA|Qorvo, Inc.
FDXB34.SA|FedEx Corporation
P1BC34.SA|People's United Financial, Inc.
P1AY34.SA|Paychex, Inc.
ABBV34.SA|AbbVie Inc.
E1XR34.SA|Extra Space Storage Inc.
B1BL34.SA|BHP Group
B1DX34.SA|Becton, Dickinson and Company
C1OG34.SA|Cabot Oil & Gas Corporation
CAPH34.SA|Capri Holdings Limited
G1SK34.SA|GLAXOSMITHKLDRN
A1MX34.SA|AMERICAMOVILDRN
U1AL34.SA|United Airlines Holdings, Inc.
A1SU34.SA|Assurant, Inc.
H1OL34.SA|Hologic, Inc.
KMIC34.SA|Kinder Morgan Kansas, Inc.
CHDC34.SA|Church & Dwight Co., Inc.
B1CS34.SA|Barclays PLC
A1PH34.SA|Amphenol Corporation
M1KT34.SA|MarketAxess Holdings Inc.
D1OM34.SA|Dominion Energy, Inc.
T1EL34.SA|TE Connectivity Ltd.
U1RI34.SA|United Rentals, Inc.
M1RO34.SA|Marathon Oil Corporation
LASC11.SA|Legatus Shoppings Fundo De Investimento Imobiliario - FII
I1SR34.SA|Intuitive Surgical, Inc.
K1SS34.SA|Kohl's Corporation
P1SA34.SA|Public Storage
TOUR11.SA|FUNDO DE INVESTIMENTO IMOBILIÁRIO TOURMALET II
H1OG34.SA|Harley-Davidson, Inc.
X1LN34.SA|Xilinx, Inc.
A1GN34.SA|Allegion plc
U1DR34.SA|UDR, Inc.
N1DA34.SA|Nasdaq, Inc.
C1AG34.SA|Conagra Brands, Inc.
A1LL34.SA|Alliance Data Systems Corporation
A1NS34.SA|ANSYS, Inc.
A1MT34.SA|Applied Materials, Inc.
I1DX34.SA|IDEXX Laboratories, Inc.
AFOF11.SA|Alianza Fofii Fundo De Investimento Imobiliario
A1LK34.SA|Alaska Air Group, Inc.
CTSH34.SA|Cognizant Technology Solutions Corporation
G1PI34.SA|Global Payments Inc.
D1RI34.SA|Darden Restaurants, Inc.
N1RG34.SA|NRG Energy, Inc.
HOND34.SA|HONDA MO DRN
CRIP34.SA|Trip.com Group Limited
D1EX34.SA|DexCom, Inc.
W1MB34.SA|The Williams Companies, Inc.
GDBR34.SA|General Dynamics Corporation
P1HC34.SA|Parker-Hannifin Corporation
I1PC34.SA|International Paper Company
B1FC34.SA|Brown-Forman Corporation
I1PC34.SA|International Paper Company
W1RK34.SA|WestRock Company
O1KE34.SA|ONEOK, Inc.
S1KM34.SA|SK TELECOM CDRN
G1AR34.SA|Gartner, Inc.
A1TH34.SA|Autohome Inc.
MINT11.SA|Fundo De Investimento Imobiliario Mint Educacional
C1MG34.SA|Chipotle Mexican Grill, Inc.
E1TN34.SA|Eaton Corporation plc
B1LL34.SA|Ball Corporation
EXGR34.SA|Expedia Group, Inc.
PHMO34.SA|Philip Morris International Inc.
HSHY34.SA|The Hershey Company
A1DI34.SA|Analog Devices, Inc.
T1CH34.SA|Bio-Techne Corporation
H1AS34.SA|Hasbro, Inc.
STZB34.SA|Constellation Brands, Inc.
K1EL34.SA|Kellogg Company
S1NP34.SA|Synopsys, Inc.
CRIN34.SA|Carter's, Inc.
BPRP11.SA|Fundo De Investimento Imobiliario - Fii Brlprop
CAJI34.SA|CANON INC DRN
T1OW34.SA|American Tower Corporation (REIT)
DDNB34.SA|DuPont de Nemours, Inc.
A1JG34.SA|Arthur J. Gallagher & Co.
H1IG34.SA|The Hartford Financial Services Group, Inc.
B1BT34.SA|Truist Financial Corporation
Z1IO34.SA|Zions Bancorporation, National Association
NEWU11.SA|Renda de Escritorios Fundo de Investimento Imobiliario - Cotas Fundo
RCFF11.SA|Rbr Desenvolvimento Comercial Feeder Fof Fundo De Investimento Imobiliario
F1TN34.SA|Fortinet, Inc.
KMBB34.SA|Kimberly-Clark Corporation
H1PE34.SA|Hewlett Packard Enterprise Company
N1SC34.SA|Norfolk Southern Corporation
S1WK34.SA|Stanley Black & Decker, Inc.
Z1TO34.SA|ZTO EXPRESS DRN
W1MC34.SA|Waste Management, Inc.
C1NC34.SA|Centene Corporation
M1PC34.SA|Marathon Petroleum Corporation
A1UT34.SA|Autodesk, Inc.
S1RE34.SA|Sempra Energy
LATR11B.SA|Lateres Fundo de Investimento Imobiliário
C1DN34.SA|Cadence Design Systems, Inc.
LFTT11.SA|Loft II Fundo De Investimento Imobiliario
D2KN34.SA|DraftKings Inc.
E1OG34.SA|EOG Resources, Inc.
T2DH34.SA|Teladoc Health, Inc.
LMTB34.SA|Lockheed Martin Corporation
M1HK34.SA|Mohawk Industries, Inc.
G1RM34.SA|Garmin Ltd.
XRAY34.SA|DENTSPLY SIRONA Inc.
C1AH34.SA|Cardinal Health, Inc.
T1SS34.SA|Tenaris S.A.
A1CR34.SA|Amcor plc
M1SI34.SA|Motorola Solutions, Inc.
ACNB34.SA|Accenture plc
L1CA34.SA|Laboratory Corporation of America Holdings
A1ES34.SA|The AES Corporation
A1VY34.SA|Avery Dennison Corporation
C1AB34.SA|Cable One, Inc.
NOCG34.SA|Northrop Grumman Corporation
A1PA34.SA|APA Corporation
P1NR34.SA|Pentair plc
C1FG34.SA|Citizens Financial Group, Inc.
X1YL34.SA|Xylem Inc.
S1IV34.SA|SVB Financial Group
C1MI34.SA|Cummins Inc.
J1BH34.SA|J.B. Hunt Transport Services, Inc.
F1EC34.SA|FirstEnergy Corp.
P1HC34.SA|Parker-Hannifin Corporation
A1NS34.SA|ANSYS, Inc.
O1DF34.SA|Old Dominion Freight Line, Inc.
S1HW34.SA|The Sherwin-Williams Company
B1WA34.SA|BorgWarner Inc.
BHPG34.SA|BHP GROUP DRN
DBAG34.SA|Deutsche Bank Aktiengesellschaft
SRXM34.SA|Sirius XM Holdings Inc.
C1HK34.SA|Check Point Software Technologies Ltd.
ISBC34.SA|Investors Bancorp, Inc.
FPOR11.SA|Porto Sudeste Royalties Fundo Investimento Participacoes Infraestrutura Fund
C1NS34.SA|Celanese Corporation
RYTT34.SA|Raytheon Technologies Corporation
WATC34.SA|Waters Corporation
BLCP11.SA|Bluecap Renda Logistica FII Fund
DGCO34.SA|Dollar General Corporation
D1OV34.SA|Dover Corporation
W1MG34.SA|Warner Music Group Corp.
D1FS34.SA|Discover Financial Services
N1VS34.SA|Novartis AG
DUKB34.SA|Duke Energy Corporation
BEWP39.SA|Ishares Msci Spain Etf
P1KX34.SA|POSCO DRN
J1KH34.SA|Jack Henry & Associates, Inc.
A1DM34.SA|Archer-Daniels-Midland Company
Z1BR34.SA|Zebra Technologies Corporation
E1FX34.SA|Equifax Inc.
A1NE34.SA|Arista Networks, Inc.
TOUR12.SA|FUNDO DE INVESTIMENTO IMOBILIÁRIO TOURMALET II
C1OU34.SA|Coupa Software Incorporated
KMPR34.SA|Kemper Corporation
NVRP11.SA|Fundo De Investimento Participacoes Nova Raposo
P1YC34.SA|Paycom Software, Inc.
N1WS35.SA|News Corporation
F1IS34.SA|Fiserv, Inc.
S1RP34.SA|Sarepta Therapeutics, Inc.
C1ER34.SA|Cerner Corporation
S1GE34.SA|Seagen Inc.
BRIP11.SA|Brio Real Estate III - Fundo De Investimento Imobiliario
VLYB34.SA|Valley National Bancorp
A1BM34.SA|Abiomed, Inc.
G1PC34.SA|Genuine Parts Company
P1GR34.SA|The Progressive Corporation
C1NP34.SA|CenterPoint Energy, Inc.
BREV11.SA|Brazil Real Estate Victory Fund I Fundo De Investimento Imobiliario
H1RB34.SA|H&R Block, Inc.
R1OK34.SA|Rockwell Automation, Inc.
FMXB34.SA|Fomento Económico Mexicano, S.A.B. de C.V.
S1YK34.SA|Stryker Corporation
L1YG34.SA|LLOYDS BANKIDRN
BBVH11.SA|Fundo de Investimento em Direitos Creditorios BB Votorantim Highland Infraestrutura
A1GN34.SA|Allegion plc
P1FG34.SA|Principal Financial Group, Inc.
RSPD11.SA|RB Capital Desenvolvimento Residencial III Fundo De Investimento Imobillario - FII
I1QV34.SA|IQVIA Holdings Inc.
W1YN34.SA|Wynn Resorts, Limited
F1BH34.SA|Fortune Brands Home & Security, Inc.
W1YN34.SA|Wynn Resorts, Limited
A1WK34.SA|American Water Works Company, Inc.
SLBC34.SA|Sterling Bancorp
TCIN12.SA|Fundo De Investimento Imobiliario Tourmalet V Edificio Cidade Nova
TCIN11.SA|Fundo De Investimento Imobiliario Tourmalet V Edificio Cidade Nova
AQLL11.SA|Aquilla Fundo Invest Imobiliario - Cotas Fund
